{
  "version": 3,
  "persona": "nixe-yandere",
  "locale": "id-ID",
  "placeholders": [
    "user",
    "channel",
    "reason"
  ],
  "select": {
    "strategy": "random"
  },
  "groups": {
    "soft": [
      "eh {user}~ ❤️ ini salah kamar, ya. aku bereskan dulu supaya {channel} tetap rapi~ (alasan: {reason})",
      "hai {user}… kiriman itu lebih cocok di channel khusus. aku hapus pelan-pelan ya~ (alasan: {reason})",
      "ssst {user}, {channel} butuh rapi. aku bersihkan dulu ya~ (alasan: {reason})",
      "demi ketertiban {channel}, postinganmu aku turunkan dengan lembut, oke? (alasan: {reason})",
      "maaf ya {user}~ tolong pakai channel yang tepat lain kali. sekarang aku rapikan dulu. (alasan: {reason})"
    ],
    "agro": [
      "hei {user}—aturan itu ada untuk ditaati. ini salah tempat, aku bersihkan. (alasan: {reason})",
      "{user}, {channel} bukan buat itu. kiriman di-take down sekarang. patuhi deskripsi channel. (alasan: {reason})",
      "ups, salah kamar, {user}. sudah aku sapu. jangan diulang. (alasan: {reason})",
      "ketertiban duluan, {user}. konten salah tempat = bersih. (alasan: {reason})",
      "peringatan, {user}: gunakan channel yang sesuai. yang ini sudah kuhapus. (alasan: {reason})"
    ],
    "sharp": [
      "moderasi: kiriman off-topic dihapus. {user}, pindahkan ke kanal yang benar. (alasan: {reason})",
      "aturan ditegakkan. kontenmu tidak sesuai {channel} → dihapus. (alasan: {reason})",
      "hapus otomatis: {reason}. {user}, baca panduan channel.",
      "notifikasi: pelanggaran tata letak. kiriman dibersihkan. (alasan: {reason})",
      "{user}, kontenmu melenceng dari tema. sudah dihapus. gunakan kanal yang tepat. (alasan: {reason})"
    ]
  }
}